Source,Target
PoloChau,SamForDaWin
PoloChau,severinhacker
PoloChau,albertocairo
PoloChau,FisherDanyel
PoloChau,LMNault
PoloChau,adarrow
PoloChau,JakeP
PoloChau,kimisperros
PoloChau,Prof_DavidBader
PoloChau,jonfroehlich
PoloChau,ibogost
PoloChau,khusape
PoloChau,TheNextCorner
PoloChau,zkancs
PoloChau,ddol
PoloChau,CptPositive
PoloChau,GTRI
PoloChau,kedwards
PoloChau,goodfellow_ian
PoloChau,dennybritz
SamForDaWin,GAFollowers
SamForDaWin,MCLA_Tournament
SamForDaWin,benkanute
SamForDaWin,nathanfielder
SamForDaWin,WICKEDWORLDWI
SamForDaWin,MCLA_Champs16
SamForDaWin,mstapleton3
SamForDaWin,maddielee419
SamForDaWin,ugalax
SamForDaWin,AaronSolender86
SamForDaWin,realDonaldTrump
SamForDaWin,MCLA
SamForDaWin,charlie_oliva
SamForDaWin,kacrandall
SamForDaWin,dog_rates
SamForDaWin,GT_Hockey
SamForDaWin,WePlayLean
SamForDaWin,POTUS44
SamForDaWin,POTUS
SamForDaWin,mikeyeps
severinhacker,switzerland099
severinhacker,hyrumwright
severinhacker,sieg
severinhacker,gabrielgambetta
severinhacker,RyanMunson21
severinhacker,kdub0
severinhacker,hmslydia
severinhacker,P4ndaGirl
severinhacker,StunnaDonDada
severinhacker,rickaroundhere
severinhacker,TimeSpaceOne
severinhacker,drob
severinhacker,triplejberger
severinhacker,daveclark
severinhacker,LexiBelc
severinhacker,ScottAdamsSays
severinhacker,cavanaughnate
severinhacker,christina_ooi
severinhacker,Steve_Ridout
severinhacker,tommmitchell
albertocairo,ChristianStork
albertocairo,cbasturea
albertocairo,discoursemedia
albertocairo,aric_chokey
albertocairo,NZZStorytelling
albertocairo,jugalpatelNYT
albertocairo,Prof_BearB
albertocairo,shannimcg
albertocairo,bnj_cooley
albertocairo,juliagalef
albertocairo,Court_Jeffrey
albertocairo,NHC_Atlantic
albertocairo,johntstasko
albertocairo,eric_d_lawrence
albertocairo,_ritacosta_
albertocairo,ht0ma
albertocairo,al_hurley538
albertocairo,LaurenRohr
albertocairo,wihbey
albertocairo,SzaboHaslam
FisherDanyel,marksawula
FisherDanyel,TofHurter
FisherDanyel,ken_hinckley
FisherDanyel,ieeevgtc
FisherDanyel,d3visualization
FisherDanyel,RabbiDoubleA
FisherDanyel,MattNegrin
FisherDanyel,20korg
FisherDanyel,LeeNapier7
FisherDanyel,GeneticJen
FisherDanyel,tanner_jaime
FisherDanyel,HannahFoxwell
FisherDanyel,vlandham
FisherDanyel,davidcrosss
FisherDanyel,Zipcar
FisherDanyel,CharlesPPierce
FisherDanyel,gillianrhayes
FisherDanyel,danulf
FisherDanyel,ann_leckie
FisherDanyel,thinkpiecebot
LMNault,docbaty
LMNault,ericsimons
LMNault,paulg
LMNault,joshcarpenter
LMNault,AndrewCrow
LMNault,NNgroup
LMNault,jnd1er
LMNault,blaurel
LMNault,mlssamrtn
LMNault,SoniaKoesterer
LMNault,girlracer68
LMNault,jlinowski
LMNault,monteiro
LMNault,lea_designer
LMNault,ericstrenger
LMNault,shodoshan
LMNault,livlab
LMNault,karaswisher
LMNault,Blair591
LMNault,ideo
adarrow,TwitterVideo
adarrow,VELUXAmerica
adarrow,FluidWaterMeter
adarrow,AltHHS
adarrow,AltForestServ
adarrow,NASA
adarrow,alt_fda
adarrow,NotAltWorld
adarrow,BadlandsNPS
adarrow,HalfOnionInABag
adarrow,ivanka
adarrow,MatureTrumpTwts
adarrow,ObamaWhiteHouse
adarrow,WhiteHouse
adarrow,FLOTUS44
adarrow,FLOTUS
adarrow,POTUS44
adarrow,EldridgeGravy
adarrow,jessleeST
adarrow,jsoltero
JakeP,Nate_Cohn
JakeP,anniejevans
JakeP,AndyRichter
JakeP,DesignTimes
JakeP,SelfAwareROOMBA
JakeP,BayNature
JakeP,jbarlekamp
JakeP,POTUS44
JakeP,POTUS
JakeP,LosFelizDaycare
JakeP,TerbilDraems
JakeP,rubbishdrawings
JakeP,NeutralGroundCo
JakeP,ScoutAlarm
JakeP,message
JakeP,blankonblank
JakeP,USDS
JakeP,SFBARTalert
JakeP,GoogleDesign
JakeP,wildernessmaaan
kimisperros,hseas
kimisperros,OdedGreen
kimisperros,AmirSariri
kimisperros,nberpubs
kimisperros,hellojas
kimisperros,GoogleBrain
kimisperros,jasonyo
kimisperros,andrewgwils
kimisperros,adamgdunn
kimisperros,erichorvitz
kimisperros,nih_nhlbi
kimisperros,mmitchell_ai
kimisperros,volkuleshov
kimisperros,argonne
kimisperros,GiorgioPatrini
kimisperros,AtlantaCTSI
kimisperros,AtlPedsResearch
kimisperros,hongliangjie
kimisperros,eleni_kosta
kimisperros,MTrrnt
Prof_DavidBader,crozSciTech
Prof_DavidBader,craptard
Prof_DavidBader,ScheibeTim
Prof_DavidBader,YuanqingYang
Prof_DavidBader,bkrunner
Prof_DavidBader,gdeffit
Prof_DavidBader,OpenAccelerate
Prof_DavidBader,zebell4256
Prof_DavidBader,jericamsjerica
Prof_DavidBader,platypii
Prof_DavidBader,EMMANUEL_EEO
Prof_DavidBader,joemagicdevelop
Prof_DavidBader,ifridaythankgod
Prof_DavidBader,longklaw
Prof_DavidBader,IT_MAN_Dawson
Prof_DavidBader,psgustafson
Prof_DavidBader,markthomasadams
Prof_DavidBader,jrkenne1
Prof_DavidBader,UnderminerLLC
Prof_DavidBader,MatterUpR
jonfroehlich,jemelehill
jonfroehlich,JohnAlexander
jonfroehlich,rameses888
jonfroehlich,rajakushalnagar
jonfroehlich,jesshami
jonfroehlich,ProactiveSleep
jonfroehlich,HandicapThis
jonfroehlich,PoloChau
jonfroehlich,AbeDavis
jonfroehlich,graydesign
jonfroehlich,DavidNemer
jonfroehlich,yasssjasss
jonfroehlich,vj_chidambaram
jonfroehlich,thompsonpat
jonfroehlich,User1st
jonfroehlich,bendevane
jonfroehlich,AMAC_tweet
jonfroehlich,MikeySaugstad
jonfroehlich,ahaAtARO
jonfroehlich,saiphcita
ibogost,davidzweig
ibogost,lindsaygellman
ibogost,slaskow
ibogost,lauraelizdavis
ibogost,UrbanLandInst
ibogost,kaitlinofficial
ibogost,coralsncaves
ibogost,dezeen
ibogost,iconeye
ibogost,Gastropodcast
ibogost,blueprintmag
ibogost,nicolatwilley
ibogost,tucker_ft
ibogost,tsmullaney
ibogost,markrobsf
ibogost,compilerguy
ibogost,deaneckles
ibogost,murraysd_
ibogost,GaTech_Planning
ibogost,zerobox
khusape,sbyrnes
khusape,kumrr
khusape,harrybr
khusape,glennsolomon
khusape,caldbeckj
khusape,meseali
khusape,pranjal_1981
khusape,vijaya
khusape,kcoleman
khusape,ArlanWasHere
khusape,sidpandey
khusape,djtokyo
khusape,rohitjain
khusape,mukuls97
khusape,NavinChaddha
khusape,hitobs
khusape,dkhare
khusape,leotor
khusape,anand_raj
khusape,venky13
TheNextCorner,CBSSF
TheNextCorner,kron4news
TheNextCorner,KTVU
TheNextCorner,abc7newsbayarea
TheNextCorner,nbcbayarea
TheNextCorner,mercnews
TheNextCorner,WazeTrafficSF
TheNextCorner,JonathanWilbur
TheNextCorner,ChristiJOlson
TheNextCorner,ChristiJBOlson
TheNextCorner,NWSBayArea
TheNextCorner,MoneyLynch
TheNextCorner,HSBC
TheNextCorner,TheJudge44
TheNextCorner,farmshelf
TheNextCorner,elguapo
TheNextCorner,thecounter
TheNextCorner,jaychoag
TheNextCorner,woodymarshall
TheNextCorner,TCVTech
zkancs,AuthorityLabs
zkancs,girlie_mac
zkancs,b0rk
zkancs,LauraBehrensWu
zkancs,BlackGirlsCode
zkancs,sheplusplus
zkancs,portainerio
zkancs,KnowYourCompany
zkancs,cjlew23
zkancs,sxywu
zkancs,alignedleft
zkancs,tdda0
zkancs,NodeSource
zkancs,zzbennett
zkancs,stitchfix_algo
zkancs,reworkpodcast
zkancs,janexwang
zkancs,rsalakhu
zkancs,nalkalchbrenner
zkancs,OriolVinyalsML
ddol,JamesTamplin
ddol,VelodyneLidar
ddol,CorrectNames
ddol,Kernasovskiy
ddol,aristeinberg
ddol,fivetentaylor
ddol,thereaIbanksy
ddol,kimmaicutler
ddol,atlasobscura
ddol,migueldeicaza
ddol,fredwilson
ddol,davemcclure
ddol,arstechnica
ddol,Voxitay
ddol,ConanOBrien
ddol,NASA
ddol,StephenAtHome
ddol,bballinger
ddol,CaseyNeistat
ddol,rebrosepdx
CptPositive,aclear
CptPositive,scottOfTheSci
CptPositive,shaunkane
CptPositive,jure
CptPositive,EatClubOrg
CptPositive,MenInBlazers
CptPositive,jofish
CptPositive,ayman
CptPositive,informor
CptPositive,lanayarosh
CptPositive,jwiese
CptPositive,NGorm
CptPositive,gillianrhayes
CptPositive,aninddey
CptPositive,marlowja
CptPositive,AndyRichter
CptPositive,ACMUIST
CptPositive,bigdata4people
CptPositive,WillJosephCook
CptPositive,manwhohasitall
GTRI,tweeplers
GTRI,VAVetBenefits
GTRI,DeptVetAffairs
GTRI,stampshealth
GTRI,FerstCenter
GTRI,CarolineGWood
GTRI,SSEFGeorgia
GTRI,BuildingIoT
GTRI,NetOfEverything
GTRI,iotconsortium
GTRI,TheIoT
GTRI,carolrclark
GTRI,ConversationEDU
GTRI,Alltop
GTRI,FromTheLabBench
GTRI,BuzzHootRoar
GTRI,ConversationUS
GTRI,duvall_jd2
GTRI,C4ISRNET
GTRI,PhysicsCentral
kedwards,NotAltWorld
kedwards,BarackObama
kedwards,HalfOnionInABag
kedwards,cursedimages
kedwards,internetofshit
kedwards,clmazin
kedwards,Snowden
kedwards,Oatmeal
kedwards,hcdeUW
kedwards,AwardsDarwin
kedwards,colin2sheds
kedwards,blairmacintyre
kedwards,GeorgiaTech
kedwards,ryangravel
kedwards,professorBodker
kedwards,beltlinepiper
kedwards,andrewmiller
kedwards,verbicidal
kedwards,asbruckman
kedwards,GavinNewsom
goodfellow_ian,RoyaMahboob
goodfellow_ian,vmcheung
goodfellow_ian,elianalorch
goodfellow_ian,johncoogan
goodfellow_ian,neilhimself
goodfellow_ian,indicoData
goodfellow_ian,geoffreyirving
goodfellow_ian,gstsdn
goodfellow_ian,cjmaddison
goodfellow_ian,machinaut
goodfellow_ian,yeewhye
goodfellow_ian,robertskmiles
goodfellow_ian,rivatez
goodfellow_ian,gyomalin_ML
goodfellow_ian,VitalikButerin
goodfellow_ian,TheGradient
goodfellow_ian,lschmidt3
goodfellow_ian,aleks_madry
goodfellow_ian,SwiftOnSecurity
goodfellow_ian,internetofshit
dennybritz,fabinger
dennybritz,keunwoochoi
dennybritz,MehdiShibahara
dennybritz,shimon8282
dennybritz,quantombone
dennybritz,VahidK
dennybritz,yablak
dennybritz,HirokoTabuchi
dennybritz,cinjoncin
dennybritz,LauraDeming
dennybritz,Samuel_DavidA
dennybritz,TheRealBenBall
dennybritz,lukede0
dennybritz,animesh_garg
dennybritz,mpd37
dennybritz,KaiLashArul
dennybritz,sbmckeon
dennybritz,lishali88
dennybritz,Img_Prasanna
dennybritz,FeryalMP
SamForDaWin,PoloChau
SamForDaWin,MattandMattPod
SamForDaWin,fatla1995
SamForDaWin,KatieNolan33
SamForDaWin,AaronSolender86
SamForDaWin,StephanieFarri9
SamForDaWin,maddielee419
SamForDaWin,YaBoiHudson
SamForDaWin,WePlayLean
SamForDaWin,mwysocki93
SamForDaWin,mikeyeps
SamForDaWin,rishippatel3
SamForDaWin,ShitEprightSays
SamForDaWin,tedge99
SamForDaWin,_CJx32_
SamForDaWin,TFL2015
SamForDaWin,spookysadness
SamForDaWin,AnayNawathe
SamForDaWin,mattzerkus
SamForDaWin,qcampbell3
severinhacker,deanwithey
severinhacker,l__sahar
severinhacker,El_Luigi_V
severinhacker,Sandeepcristi
severinhacker,bbonesmo
severinhacker,arnaldohcastro
severinhacker,theceolibrary
severinhacker,LudoLatin
severinhacker,BarAlc58
severinhacker,TheG_Type
severinhacker,ArchAngelLPV
severinhacker,burculantonija
severinhacker,AdityaA19118052
severinhacker,RaffMisceo
severinhacker,MikeCaps
severinhacker,AwesomePittsbgh
severinhacker,hackernewsbot_
severinhacker,AlexKlarfeld
severinhacker,LLevasseur75
severinhacker,erichorvitz
albertocairo,Toldev
albertocairo,eliskavalterova
albertocairo,Seafare54
albertocairo,askqueen
albertocairo,CHAKADO12
albertocairo,karinachotch
albertocairo,Andrew_M_Jones
albertocairo,NitwitInc
albertocairo,nathcun
albertocairo,marina_popescu
albertocairo,idea_amp
albertocairo,taystu8
albertocairo,adamehirsch
albertocairo,vince100012
albertocairo,DanielaGuini
albertocairo,WillFerreira
albertocairo,dmichuda
albertocairo,pmontagnes
albertocairo,tucker_doherty
albertocairo,natsinats_
FisherDanyel,AmbassadorCOO
FisherDanyel,simongerman600
FisherDanyel,flekschas
FisherDanyel,ken_hinckley
FisherDanyel,hmlizama
FisherDanyel,CatchKD7
FisherDanyel,jawalnut
FisherDanyel,PoloChau
FisherDanyel,yanlofe
FisherDanyel,philogb
FisherDanyel,SeattleHarvest
FisherDanyel,nickyzhi123
FisherDanyel,univienna_vda
FisherDanyel,minsukkahng
FisherDanyel,JennyRLyons
FisherDanyel,amitkaps
FisherDanyel,namwkim85
FisherDanyel,pciuccarelli
FisherDanyel,Metti_Hoof
FisherDanyel,nikiubel
LMNault,ShivaniAurora
LMNault,PoloChau
LMNault,darksunshinedee
LMNault,ericsimons
LMNault,James044Brian
LMNault,ubikretail
LMNault,UXsnack
LMNault,venture12
LMNault,goshospain
LMNault,missiongirl4
LMNault,shodoshan
LMNault,LisaDOhio
LMNault,NoeticSeries
LMNault,LoveNVRDiesBook
LMNault,ipevzner
LMNault,nelsonmarteleir
LMNault,martinlong82
LMNault,mrpderbs
LMNault,banerjee_mamata
LMNault,cindycated
adarrow,andysz
adarrow,PoloChau
adarrow,kplusr2
adarrow,UXsnack
adarrow,Antonioflpalenc
adarrow,kenudigit
adarrow,delcarpio321
adarrow,rideamigos
adarrow,neela_bell
adarrow,bethgalambos
adarrow,BrittneyBush
adarrow,wrdarrow
adarrow,ModusInstitute
adarrow,zaidhisham
adarrow,peacokle
adarrow,banerjee_mamata
adarrow,Nonnormalizable
adarrow,LaurentJanolin
adarrow,BurlinBritta
adarrow,Phooj
JakeP,PoloChau
JakeP,coachdotme
JakeP,ElenaWerdath
JakeP,hazeshanshan
JakeP,Africa_VC
JakeP,lottisbp
JakeP,SouthCountyIzik
JakeP,baymonsters
JakeP,cruzisabela995
JakeP,figipyzimapu
JakeP,jbarlekamp
JakeP,PeeringPressure
JakeP,ngoclongnguyen3
JakeP,MountainLionP22
JakeP,RayBeau
JakeP,banerjee_mamata
JakeP,CrowdTMeeting
JakeP,adb19a44f36c456
JakeP,hungviet2004
JakeP,TripScanner_Inc
kimisperros,WoolAllure
kimisperros,adamgdunn
kimisperros,nuclearkatie
kimisperros,BeadedJewlery
kimisperros,PromoStoreOne
kimisperros,OscarJetson
kimisperros,SyidMassiah
kimisperros,WoodFlipbook
kimisperros,sethmessenger32
kimisperros,PoloChau
kimisperros,appliedmldays
kimisperros,minsukkahng
kimisperros,KaterinaElRaheb
kimisperros,Prof_DavidBader
kimisperros,danlizotte
kimisperros,ilknurkabul
kimisperros,junayedjion9
kimisperros,ryanallred
kimisperros,Tobias_Grosser
kimisperros,data_hpz
Prof_DavidBader,bimbolistica
Prof_DavidBader,MichaelDunnLV
Prof_DavidBader,haleigh13761906
Prof_DavidBader,lauravospina
Prof_DavidBader,boycottpgs
Prof_DavidBader,ffillmorejr
Prof_DavidBader,GT_AnnieAnton
Prof_DavidBader,Dry_Observer
Prof_DavidBader,Torp3doBad
Prof_DavidBader,idsdevelopment
Prof_DavidBader,carl0shm
Prof_DavidBader,FictionalEyes
Prof_DavidBader,crozSciTech
Prof_DavidBader,itsvit
Prof_DavidBader,Mike82O
Prof_DavidBader,vacanomillo
Prof_DavidBader,UsmanSattarMD
Prof_DavidBader,tomciscoadams
Prof_DavidBader,ArghyaC007
Prof_DavidBader,bdmoyer
jonfroehlich,CarlSetzer
jonfroehlich,OpenSourceLab20
jonfroehlich,heorv
jonfroehlich,tentacleseal
jonfroehlich,JohnAlexander
jonfroehlich,markjamatthews
jonfroehlich,Gridbee
jonfroehlich,convoluted_code
jonfroehlich,datuixx
jonfroehlich,aneja_ap
jonfroehlich,rameses888
jonfroehlich,rajakushalnagar
jonfroehlich,skateprofessor
jonfroehlich,RollingWOLimits
jonfroehlich,developerach
jonfroehlich,bookofinnov
jonfroehlich,jwkritchie
jonfroehlich,We_are_upstart
jonfroehlich,britgerontology
jonfroehlich,jeffmatarrese
ibogost,andykurtzig
ibogost,jesse_beckstead
ibogost,nrzarrugh
ibogost,jakobhol
ibogost,free4israel4goo
ibogost,snakeflash
ibogost,goodmediations
ibogost,GeorgeAnders
ibogost,RhianSasseen
ibogost,tradeaskew
ibogost,DarrenfJay
ibogost,nicwinnik
ibogost,artmollengarden
ibogost,LeapingRobot
ibogost,IndustryOG
ibogost,DrNellyMomTalk
ibogost,OlegofKozel
ibogost,ElysianMusicSA
ibogost,ugasser
ibogost,zero_stars
khusape,Gopal000786
khusape,ManojSharma215
khusape,cefacoc
khusape,UXPAPER
khusape,RamiroMFernand1
khusape,Will_Alvarez
khusape,tatiana170295
khusape,Remi_Vladuceanu
khusape,bieber_work
khusape,CAKISANPANDYA
khusape,ahmedalwailly43
khusape,mustafaaidl
khusape,noveliciouss
khusape,FeelThree
khusape,Yhamegroup
khusape,arvindax
khusape,drjoyce_knudsen
khusape,muhamma59993363
khusape,pawankaushal
khusape,Super_Siddy
TheNextCorner,KONSTANTLAW
TheNextCorner,marcusflemming
TheNextCorner,skylarcwrites
TheNextCorner,tonystubblebine
TheNextCorner,bself4bworld
TheNextCorner,neilhuggan
TheNextCorner,MeusMediaGroup
TheNextCorner,rocklondon1
TheNextCorner,talentdynamics
TheNextCorner,KevinB_Murphy
TheNextCorner,TommySWang
TheNextCorner,jenjacksonme
TheNextCorner,mypassiontest
TheNextCorner,eiupdates
TheNextCorner,RepBright
TheNextCorner,AmbraHensley
TheNextCorner,Sandybillionboy
TheNextCorner,mdraselkhantaj
TheNextCorner,ankitmehra887
TheNextCorner,KaniYarth
zkancs,DD_NaNa_
zkancs,SullivaChelsea
zkancs,danieljpeter
zkancs,daycamp4devs
zkancs,ansarisaad
zkancs,oneplus1000
zkancs,rvrkj
zkancs,notsu
zkancs,Mohamed3_AboTal
zkancs,DigidustGrowth
zkancs,dwhsieh
zkancs,TechNativeWire
zkancs,orbittest2
zkancs,EmekaData
zkancs,TAanderud
zkancs,JohnKNLL
zkancs,nicolemannann
zkancs,PostManWaz
zkancs,RoboticsAI2018
zkancs,dsimposters
ddol,graver_ua
ddol,desydolan
ddol,madbunny_911
ddol,AAthifas97
ddol,OBehaveYourself
ddol,coreyfro
ddol,NikhilS50
ddol,PoloChau
ddol,jonobacon
ddol,JessRTs_a_lot
ddol,Moviebnb
ddol,mostblue1
ddol,georgbauser
ddol,pmaceoin
ddol,gocountly
ddol,GoodAILab
ddol,bananamagick
ddol,acelr8
ddol,HostedGraphite
ddol,Voxitay
CptPositive,FXPALResearch
CptPositive,jofish
CptPositive,t0zecorreia
CptPositive,PoloChau
CptPositive,msbernst
CptPositive,scottOfTheSci
CptPositive,ACMIUI
CptPositive,suefussell
CptPositive,IntercultComm
CptPositive,bigdata4people
CptPositive,kkarahal
CptPositive,khai_truong
CptPositive,hciprof
CptPositive,plopesresearch
CptPositive,nediyana
CptPositive,carlagriggio
CptPositive,cosleydr
CptPositive,jeffbigham
CptPositive,mattllee
CptPositive,ideasandinfo
GTRI,AubreyDInc
GTRI,TheHRH
GTRI,patrickocr
GTRI,Omnes_VC
GTRI,EU_ScienceHub
GTRI,GTSolarRacing
GTRI,jimchatfieldjr
GTRI,SynesthCorp
GTRI,advoloastra
GTRI,GaTechWIE
GTRI,cclark_georgia1
GTRI,naz_andalibi
GTRI,ecr_
GTRI,Annakat23878050
GTRI,GAsGreatest
GTRI,keshav_sanjeevi
GTRI,dsatterfie
GTRI,PBlock96
GTRI,francismwongela
GTRI,Sanguineus21
kedwards,GT_AnnieAnton
kedwards,naz_andalibi
kedwards,bigdata4people
kedwards,MatthewGombolay
kedwards,ICatGT
kedwards,vivianmotti
kedwards,LexusVitamin
kedwards,PoloChau
kedwards,Shneydave
kedwards,profmikefraser
kedwards,sociallycompute
kedwards,MarinaChong
kedwards,myriadbird
kedwards,thesaadismail
kedwards,Chris_Storm71
kedwards,jr_thomp
kedwards,hide_yourself
kedwards,acmDIS
kedwards,MiJaGourlay
kedwards,Alex_Drunkan
goodfellow_ian,song_dongjin
goodfellow_ian,ilker_kalayci
goodfellow_ian,sph_ere
goodfellow_ian,flopezlira
goodfellow_ian,OberoiPri
goodfellow_ian,yshyun21
goodfellow_ian,MarkDHeiLong
goodfellow_ian,lavanyaio
goodfellow_ian,anildav
goodfellow_ian,Arsenio_Senchoz
goodfellow_ian,intelliSCOUT_ag
goodfellow_ian,monthol8th
goodfellow_ian,azeem08179
goodfellow_ian,ramkumarkb
goodfellow_ian,HYQ1988
goodfellow_ian,PrabhatKumar622
goodfellow_ian,digoreis
goodfellow_ian,haddadhesam
goodfellow_ian,maz_zamani
goodfellow_ian,danielibanezgar
dennybritz,dungnm1710
dennybritz,sph_ere
dennybritz,LloydHughesZA
dennybritz,akomarzewski
dennybritz,Surojit179
dennybritz,danielibanezgar
dennybritz,KhawasMostafa
dennybritz,IntegrateAI
dennybritz,LarsGeisel
dennybritz,asyncanup
dennybritz,amrmkayid
dennybritz,han0903_nick
dennybritz,mengweid
dennybritz,David_Friml
dennybritz,snippet251
dennybritz,abhijeetg1997
dennybritz,SwissCognitive
dennybritz,buZZrobot
dennybritz,sopharicks
dennybritz,Musielski8PQ
